<?xml version="1.0" encoding="UTF-8" ?>
<!DOCTYPE mapper PUBLIC "-//mybatis.org//DTD Mapper 3.0//EN" 
"http://mybatis.org/dtd/mybatis-3-mapper.dtd">
<!-- namespace必须指向Dao接口 -->
<mapper namespace="com.epcentre.dao.TblEquipmentVersionDao">
	<resultMap id="equipmentVersionResultMap" type="TblEquipmentVersion">
		<id property="pkEquipmentVersion" column="pk_EquipmentVersion" />
		<result property="productID" column="ev_ProductID" />
		<result property="productType" column="ev_ProductType" />
		<result property="firmwareNumber" column="ev_FirmwareNumber" />
		<result property="firmwareVersion" column="ev_FirmwareVersion" />
		<result property="hardwareNumber" column="ev_HardwareNumber" />
		<result property="hardwareVersion" column="ev_HardwareVersion" />
		<result property="createdate" column="ev_Createdate" />	
		<result property="updatedate" column="ev_Updatedate" />	
		<result property="fileMd5" column="ev_FileMd5" />	
	</resultMap>
	
	<resultMap id="findResultMap"  type="java.util.HashMap" extends="equipmentVersionResultMap"></resultMap>
	
	
   <insert id="insertEqVersion" parameterType="TblEquipmentVersion"  keyProperty="pkEquipmentVersion">
	   insert into tbl_equipmentversion (
	     ev_ProductID,
	     ev_ProductType,
	     ev_FirmwareNumber,
	     ev_FirmwareVersion,
	     ev_HardwareNumber,
	     ev_HardwareVersion,
	     ev_Createdate,
	     ev_Updatedate
	   )values (
	     #{productID},
	     #{productType},
	     #{firmwareNumber},
	     #{firmwareVersion},
	     #{hardwareNumber},
	     #{hardwareVersion},
	     #{createdate},
	     #{updatedate}
	   )
	  </insert> 
	  
	   <update id="updateEqVersion" parameterType="TblEquipmentVersion">
	   update tbl_equipmentversion set
	     ev_FirmwareNumber = #{firmwareNumber},
	     ev_FirmwareVersion =#{firmwareVersion},
	     ev_Updatedate =  #{updatedate}
	      where 
	       ev_ProductID = #{productID} and 
	      ev_ProductType = #{productType} and 
	      ev_HardwareNumber = #{hardwareNumber} and 
	      ev_HardwareVersion = #{hardwareVersion}
	   
	  </update> 

	  <select id="findEqVersion"  parameterType="TblEquipmentVersion" resultMap="equipmentVersionResultMap">
	   select 
	   pk_EquipmentVersion,
	      ev_ProductID,
	     ev_ProductType,
	     ev_FirmwareNumber,
	     ev_FirmwareVersion,
	     ev_HardwareNumber,
	     ev_HardwareVersion,
	     ev_Createdate,
	     ev_Updatedate,
	     ev_FileMd5
	     from tbl_equipmentversion   where  
	     <if test="productID != null">
	      ev_ProductID = #{productID} and 
	      ev_ProductType = #{productType} 
	   </if>
	   
	</select>
	
	 <delete id="deleteEqVersion" parameterType="int">
	   delete from tbl_equipmentversion 
	      where  
	       pk_EquipmentVersion = #{id}
	   
	  </delete> 
	
	  
</mapper> 