<?xml version="1.0" encoding="UTF-8" ?>
<!DOCTYPE mapper PUBLIC "-//mybatis.org//DTD Mapper 3.0//EN" 
"http://mybatis.org/dtd/mybatis-3-mapper.dtd">
<!-- namespace必须指向Dao接口 -->
<mapper namespace="com.epcentre.dao.TblPartnerTimeDao">

	
	<resultMap id="findMap" type="java.util.HashMap"></resultMap>
	 <select id="getPartnersUpdateTime"   resultMap="findMap">
     	select updatedate	from tbl_partner_time  limit 1
     </select>
     
     <insert id="insertPartnersUpdateTime" >
	   insert into tbl_partner_time ( id ) values  ( 1  )
	</insert>
     
  
     <update id="modifyPartnersUpdateTime">
	   update tbl_partner_time set updatedate = NOW();
	  
	</update>
     
   
	
	
	
	
</mapper> 